Dividends,Header,Currency,Date,Description,Amount
Dividends,Data,CAD,1/8/2021,REI.UN(CA7669101031) Cash Dividend CAD 0.12 per Share (Ordinary Dividend),3.12
Dividends,Data,CAD,1/15/2021,BEI.UN(CA0966311064) Cash Dividend CAD 0.0834 per Share (Ordinary Dividend),0.92
Dividends,Data,CAD,2/5/2021,REI.UN(CA7669101031) Cash Dividend CAD 0.08 per Share (Ordinary Dividend),2.08
Dividends,Data,CAD,2/15/2021,BEI.UN(CA0966311064) Cash Dividend CAD 0.0834 per Share (Ordinary Dividend),0.92
Dividends,Data,CAD,3/5/2021,REI.UN(CA7669101031) Cash Dividend CAD 0.08 per Share (Ordinary Dividend),2.08
Dividends,Data,CAD,3/15/2021,BEI.UN(CA0966311064) Cash Dividend CAD 0.0834 per Share (Ordinary Dividend),0.92
Dividends,Data,CAD,4/8/2021,REI.UN(CA7669101031) Cash Dividend CAD 0.08 per Share (Ordinary Dividend),2.08
Dividends,Data,CAD,4/15/2021,BEI.UN(CA0966311064) Cash Dividend CAD 0.0834 per Share (Ordinary Dividend),0.92
Dividends,Data,CAD,5/7/2021,REI.UN(CA7669101031) Cash Dividend CAD 0.08 per Share (Ordinary Dividend),2.08
Dividends,Data,CAD,5/17/2021,BEI.UN(CA0966311064) Cash Dividend CAD 0.0834 per Share (Ordinary Dividend),0.92
Dividends,Data,CAD,6/7/2021,REI.UN(CA7669101031) Cash Dividend CAD 0.08 per Share (Ordinary Dividend),2.08
Dividends,Data,CAD,6/15/2021,BEI.UN(CA0966311064) Cash Dividend CAD 0.0834 per Share (Ordinary Dividend),0.92
Dividends,Data,CAD,7/8/2021,REI.UN(CA7669101031) Cash Dividend CAD 0.08 per Share (Ordinary Dividend),2.08
Dividends,Data,CAD,7/15/2021,BEI.UN(CA0966311064) Cash Dividend CAD 0.0834 per Share (Ordinary Dividend),0.92
Dividends,Data,CAD,8/9/2021,REI.UN(CA7669101031) Cash Dividend CAD 0.08 per Share (Ordinary Dividend),2.08
Dividends,Data,CAD,8/16/2021,BEI.UN(CA0966311064) Cash Dividend CAD 0.0834 per Share (Ordinary Dividend),0.92
Dividends,Data,CAD,9/8/2021,REI.UN(CA7669101031) Cash Dividend CAD 0.08 per Share (Ordinary Dividend),2.08
Dividends,Data,CAD,9/15/2021,BEI.UN(CA0966311064) Cash Dividend CAD 0.0834 per Share (Ordinary Dividend),0.92
Dividends,Data,CAD,10/7/2021,REI.UN(CA7669101031) Cash Dividend CAD 0.08 per Share (Ordinary Dividend),2.08
Dividends,Data,CAD,10/15/2021,BEI.UN(CA0966311064) Cash Dividend CAD 0.0834 per Share (Ordinary Dividend),0.92
Dividends,Data,CAD,11/5/2021,REI.UN(CA7669101031) Cash Dividend CAD 0.08 per Share (Ordinary Dividend),2.08
Dividends,Data,CAD,11/15/2021,BEI.UN(CA0966311064) Cash Dividend CAD 0.0834 per Share (Ordinary Dividend),0.92
Dividends,Data,CAD,12/7/2021,REI.UN(CA7669101031) Cash Dividend CAD 0.08 per Share (Ordinary Dividend),2.08
Dividends,Data,CAD,12/15/2021,BEI.UN(CA0966311064) Cash Dividend CAD 0.0834 per Share (Ordinary Dividend),0.92
Dividends,Data,EUR,6/23/2021,LI(FR0000121964) Cash Dividend EUR 1.00 per Share (Ordinary Dividend),57
Dividends,Data,GBP,1/8/2021,BYG(GB0002869419) Cash Dividend GBP 0.17 per Share (PropertyIncomeDividend),4.25
Dividends,Data,GBP,7/30/2021,BYG(GB0002869419) Cash Dividend GBP 0.02 per Share (Ordinary Dividend),0.5
Dividends,Data,GBP,7/30/2021,BYG(GB0002869419) Cash Dividend GBP 0.15 per Share (PropertyIncomeDividend),3.75
Dividends,Data,USD,1/7/2021,MPW(US58463J3041) Cash Dividend USD 0.27 per Share (Ordinary Dividend),28.08
Dividends,Data,USD,1/11/2021,MO(US02209S1033) Cash Dividend USD 0.86 per Share (Ordinary Dividend),30.96
Dividends,Data,USD,1/15/2021,BRX(US11120U1051) Cash Dividend USD 0.215 per Share (Ordinary Dividend),9.25
Dividends,Data,USD,1/15/2021,OXY(US6745991058) Cash Dividend USD 0.01 per Share (Ordinary Dividend),0.17
Dividends,Data,USD,1/15/2021,SRC(US84860W3007) Cash Dividend USD 0.625 per Share (Ordinary Dividend),40
Dividends,Data,USD,1/15/2021,STAG(US85254J1025) Cash Dividend USD 0.12 per Share (Ordinary Dividend),2.04
Dividends,Data,USD,1/15/2021,STOR(US8621211007) Cash Dividend USD 0.36 per Share (Ordinary Dividend),27
Dividends,Data,USD,1/15/2021,UBA(US9172862057) Cash Dividend USD 0.14 per Share (Ordinary Dividend),14.42
Dividends,Data,USD,1/22/2021,IRT(US45378A1060) Cash Dividend USD 0.12 per Share (Ordinary Dividend),12.96
Dividends,Data,USD,1/22/2021,SPG(US8288061091) Cash Dividend USD 1.30 per Share (Ordinary Dividend),15.6
Dividends,Data,USD,1/29/2021,EOG(US26875P1012) Cash Dividend USD 0.375 per Share (Ordinary Dividend),13.88
Dividends,Data,USD,2/5/2021,VOD(US92857W3088) Cash Dividend USD 0.545931 per Share (Ordinary Dividend),36.04
Dividends,Data,USD,2/12/2021,WES(US9586691035) Cash Dividend USD 0.311 per Share (Ordinary Dividend),17.42
Dividends,Data,USD,2/16/2021,STAG(US85254J1025) Cash Dividend USD 0.120833 per Share (Ordinary Dividend),2.05
Dividends,Data,USD,2/19/2021,ACC(US0248351001) Cash Dividend USD 0.47 per Share (Ordinary Dividend),7.99
Dividends,Data,USD,3/1/2021,ENB (CA29250N1050) Cash Dividend USD 0.659245 (Ordinary Dividend),27.03
Dividends,Data,USD,3/3/2021,MAC(US5543821012) Cash Dividend USD 0.15 per Share (Ordinary Dividend),15.75
Dividends,Data,USD,3/12/2021,WBA(US9314271084) Cash Dividend USD 0.4675 per Share (Ordinary Dividend),8.88
Dividends,Data,USD,3/15/2021,STAG(US85254J1025) Cash Dividend USD 0.120833 per Share (Ordinary Dividend),2.05
Dividends,Data,USD,3/15/2021,UMH(US9030021037) Cash Dividend USD 0.19 per Share (Ordinary Dividend),9.12
Dividends,Data,USD,4/8/2021,MPW(US58463J3041) Cash Dividend USD 0.28 per Share (Ordinary Dividend),29.12
Dividends,Data,USD,4/15/2021,BRX(US11120U1051) Cash Dividend USD 0.215 per Share (Ordinary Dividend),9.25
Dividends,Data,USD,4/15/2021,SRC(US84860W3007) Cash Dividend USD 0.625 per Share (Ordinary Dividend),40
Dividends,Data,USD,4/15/2021,STAG(US85254J1025) Cash Dividend USD 0.120833 per Share (Ordinary Dividend),2.05
Dividends,Data,USD,4/15/2021,STOR(US8621211007) Cash Dividend USD 0.36 per Share (Ordinary Dividend),29.16
Dividends,Data,USD,4/16/2021,UNIT(US91325V1089) Cash Dividend USD 0.15 per Share (Ordinary Dividend),11.4
Dividends,Data,USD,4/23/2021,IRT(US45378A1060) Cash Dividend USD 0.12 per Share (Ordinary Dividend),12.96
Dividends,Data,USD,4/23/2021,SPG(US8288061091) Cash Dividend USD 1.30 per Share (Ordinary Dividend),15.6
Dividends,Data,USD,4/30/2021,EOG(US26875P1012) Cash Dividend USD 0.4125 per Share (Ordinary Dividend),15.26
Dividends,Data,USD,4/30/2021,MO(US02209S1033) Cash Dividend USD 0.86 per Share (Ordinary Dividend),30.96
Dividends,Data,USD,5/14/2021,KOF(US1912411089) Cash Dividend USD 1.244167 per Share (Ordinary Dividend),6.23
Dividends,Data,USD,5/14/2021,WES(US9586691035) Cash Dividend USD 0.315 per Share (Limited Partnership),17.64
Dividends,Data,USD,5/17/2021,SQM(US8336351056) Cash Dividend USD 0.015438 per Share (Ordinary Dividend),0.19
Dividends,Data,USD,5/17/2021,STAG(US85254J1025) Cash Dividend USD 0.120833 per Share (Ordinary Dividend),2.05
Dividends,Data,USD,5/21/2021,ACC(US0248351001) Cash Dividend USD 0.47 per Share (Ordinary Dividend),7.99
Dividends,Data,USD,6/1/2021,ENB (CA29250N1050) Cash Dividend USD 0.693174 (Ordinary Dividend),28.43
Dividends,Data,USD,6/3/2021,MAC(US5543821012) Cash Dividend USD 0.15 per Share (Ordinary Dividend),15.75
Dividends,Data,USD,6/11/2021,WBA(US9314271084) Cash Dividend USD 0.4675 per Share (Ordinary Dividend),8.88
Dividends,Data,USD,6/15/2021,O(US7561091049) Cash Dividend USD 0.235 per Share (Ordinary Dividend),1.88
Dividends,Data,USD,6/15/2021,STAG(US85254J1025) Cash Dividend USD 0.120833 per Share (Ordinary Dividend),2.05
Dividends,Data,USD,6/15/2021,UMH(US9030021037) Cash Dividend USD 0.19 per Share (Ordinary Dividend),9.12
Dividends,Data,USD,6/21/2021,SQM(US8336351056) Cash Dividend USD 0.240423 per Share (Ordinary Dividend),2.89
Dividends,Data,USD,6/30/2021,BTG(CA11777Q2099) Cash Dividend USD 0.04 per Share (Ordinary Dividend),10.8
Dividends,Data,USD,7/2/2021,UNIT(US91325V1089) Cash Dividend USD 0.15 per Share (Ordinary Dividend),12.75
Dividends,Data,USD,7/8/2021,MPW(US58463J3041) Cash Dividend USD 0.28 per Share (Ordinary Dividend),29.12
Dividends,Data,USD,7/8/2021,VICI(US9256521090) Cash Dividend USD 0.33 per Share (Ordinary Dividend),7.26
Dividends,Data,USD,7/9/2021,MO(US02209S1033) Cash Dividend USD 0.86 per Share (Ordinary Dividend),30.96
Dividends,Data,USD,7/15/2021,BRX(US11120U1051) Cash Dividend USD 0.215 per Share (Ordinary Dividend),9.25
Dividends,Data,USD,7/15/2021,O(US7561091049) Cash Dividend USD 0.2355 per Share (Ordinary Dividend),1.88
Dividends,Data,USD,7/15/2021,SRC(US84860W3007) Cash Dividend USD 0.625 per Share (Ordinary Dividend),40
Dividends,Data,USD,7/15/2021,STAG(US85254J1025) Cash Dividend USD 0.120833 per Share (Ordinary Dividend),2.05
Dividends,Data,USD,7/15/2021,STOR(US8621211007) Cash Dividend USD 0.36 per Share (Ordinary Dividend),31.68
Dividends,Data,USD,7/15/2021,WPC(US92936U1097) Cash Dividend USD 1.05 per Share (Ordinary Dividend),7.35
Dividends,Data,USD,7/23/2021,IRT(US45378A1060) Cash Dividend USD 0.12 per Share (Ordinary Dividend),12.96
Dividends,Data,USD,7/23/2021,SPG(US8288061091) Cash Dividend USD 1.40 per Share (Ordinary Dividend),16.8
Dividends,Data,USD,7/30/2021,EOG(US26875P1012) Cash Dividend USD 1.4125 per Share (Mixed Income),52.26
Dividends,Data,USD,8/6/2021,VOD(US92857W3088) Cash Dividend USD 0.532412 per Share (Ordinary Dividend),35.12
Dividends,Data,USD,8/13/2021,O(US7561091049) Cash Dividend USD 0.2355 per Share (Ordinary Dividend),1.88
Dividends,Data,USD,8/13/2021,WES(US9586691035) Cash Dividend USD 0.319 per Share (Limited Partnership),17.86
Dividends,Data,USD,8/16/2021,EPR(US26884U1097) Cash Dividend USD 0.25 per Share (Ordinary Dividend),4.75
Dividends,Data,USD,8/16/2021,STAG(US85254J1025) Cash Dividend USD 0.120833 per Share (Ordinary Dividend),2.05
Dividends,Data,USD,8/27/2021,ACC(US0248351001) Cash Dividend USD 0.47 per Share (Ordinary Dividend),7.99
Dividends,Data,USD,9/1/2021,ENB (CA29250N1050) Cash Dividend USD 0.662168 (Ordinary Dividend),27.15
Dividends,Data,USD,9/2/2021,KGC(CA4969024047) Cash Dividend USD 0.03 per Share (Ordinary Dividend),6.27
Dividends,Data,USD,9/8/2021,MAC(US5543821012) Cash Dividend USD 0.15 per Share (Ordinary Dividend),15.75
Dividends,Data,USD,9/10/2021,WBA(US9314271084) Cash Dividend USD 0.4775 per Share (Ordinary Dividend),9.07
Dividends,Data,USD,9/15/2021,EPR(US26884U1097) Cash Dividend USD 0.25 per Share (Ordinary Dividend),4.75
Dividends,Data,USD,9/15/2021,O(US7561091049) Cash Dividend USD 0.2355 per Share (Ordinary Dividend),1.88
Dividends,Data,USD,9/15/2021,STAG(US85254J1025) Cash Dividend USD 0.120833 per Share (Ordinary Dividend),2.05
Dividends,Data,USD,9/15/2021,UMH(US9030021037) Cash Dividend USD 0.19 per Share (Ordinary Dividend),9.12
Dividends,Data,USD,9/17/2021,SQM(12374) Cash Dividend USD 0.310673 per Share (Ordinary Dividend),3.72
Dividends,Data,USD,9/29/2021,BTG(CA11777Q2099) Cash Dividend USD 0.04 per Share (Ordinary Dividend),18.12
Dividends,Data,USD,9/30/2021,AGI (CA0115321089) Cash Dividend USD 0.025 (Ordinary Dividend),2.8
Dividends,Data,USD,9/30/2021,SPG(US8288061091) Cash Dividend USD 1.50 per Share (Ordinary Dividend),18
Dividends,Data,USD,10/1/2021,UNIT(US91325V1089) Cash Dividend USD 0.15 per Share (Ordinary Dividend),12.75
Dividends,Data,USD,10/7/2021,VICI(US9256521090) Cash Dividend USD 0.36 per Share (Ordinary Dividend),24.12
Dividends,Data,USD,10/12/2021,MO(US02209S1033) Cash Dividend USD 0.90 per Share (Ordinary Dividend),32.4
Dividends,Data,USD,10/14/2021,MPW(US58463J3041) Cash Dividend USD 0.28 per Share (Ordinary Dividend),37.52
Dividends,Data,USD,10/15/2021,BRX(US11120U1051) Cash Dividend USD 0.215 per Share (Ordinary Dividend),9.25
Dividends,Data,USD,10/15/2021,EPR(US26884U1097) Cash Dividend USD 0.25 per Share (Ordinary Dividend),6.25
Dividends,Data,USD,10/15/2021,O(US7561091049) Cash Dividend USD 0.236 per Share (Ordinary Dividend),1.89
Dividends,Data,USD,10/15/2021,SRC(US84860W3007) Cash Dividend USD 0.638 per Share (Ordinary Dividend),6.38
Dividends,Data,USD,10/15/2021,STAG(US85254J1025) Cash Dividend USD 0.120833 per Share (Ordinary Dividend),2.05
Dividends,Data,USD,10/15/2021,STOR(US8621211007) Cash Dividend USD 0.385 per Share (Ordinary Dividend),33.88
Dividends,Data,USD,10/15/2021,WPC(US92936U1097) Cash Dividend USD 1.052 per Share (Ordinary Dividend),7.36
Dividends,Data,USD,10/22/2021,IRT(US45378A1060) Cash Dividend USD 0.12 per Share (Ordinary Dividend),12.96
Dividends,Data,USD,10/29/2021,EOG(US26875P1012) Cash Dividend USD 0.4125 per Share (Ordinary Dividend),11.14
Dividends,Data,USD,11/12/2021,WES(US9586691035) Cash Dividend USD 0.323 per Share (Limited Partnership),18.09
Dividends,Data,USD,11/15/2021,EPR(US26884U1097) Cash Dividend USD 0.25 per Share (Ordinary Dividend),6.25
Dividends,Data,USD,11/15/2021,KOF(US1912411089) Cash Dividend USD 1.222677 per Share (Exempt From Withholding),6.12
Dividends,Data,USD,11/15/2021,O(US7561091049) Cash Dividend USD 0.236 per Share (Ordinary Dividend),1.89
Dividends,Data,USD,11/15/2021,STAG(US85254J1025) Cash Dividend USD 0.120833 per Share (Ordinary Dividend),2.05
Dividends,Data,USD,11/26/2021,ACC(US0248351001) Cash Dividend USD 0.47 per Share (Ordinary Dividend),7.99
Dividends,Data,USD,12/1/2021,ENB(CA29250N1050) Cash Dividend USD 0.650971 per Share (Ordinary Dividend),26.7
Dividends,Data,USD,12/3/2021,MAC(US5543821012) Cash Dividend USD 0.15 per Share (Ordinary Dividend),15.75
Dividends,Data,USD,12/15/2021,EPR(US26884U1097) Cash Dividend USD 0.25 per Share (Ordinary Dividend),6.25
Dividends,Data,USD,12/15/2021,KGC(CA4969024047) Cash Dividend USD 0.03 per Share (Ordinary Dividend),13.32
Dividends,Data,USD,12/15/2021,O(US7561091049) Cash Dividend USD 0.246 per Share (Ordinary Dividend),1.97
Dividends,Data,USD,12/15/2021,STAG(US85254J1025) Cash Dividend USD 0.120833 per Share (Ordinary Dividend),2.05
Dividends,Data,USD,12/15/2021,UMH(US9030021037) Cash Dividend USD 0.19 per Share (Ordinary Dividend),9.12
Dividends,Data,USD,12/17/2021,BTG(CA11777Q2099) Cash Dividend USD 0.04 per Share (Ordinary Dividend),35.84
Dividends,Data,USD,12/21/2021,AGI (CA0115321089) Cash Dividend USD 0.025 (Ordinary Dividend),5.3
Dividends,Data,USD,12/30/2021,EOG(US26875P1012) Cash Dividend USD 2.00 per Share (Bonus Dividend),40
Dividends,Data,USD,12/31/2021,SPG(US8288061091) Cash Dividend USD 1.65 per Share (Ordinary Dividend),19.8
Dividends,Data,CAD,1/10/2022,REI.UN(CA7669101031) Cash Dividend CAD 0.08 per Share (Ordinary Dividend),2.08
Dividends,Data,CAD,1/17/2022,BEI.UN(CA0966311064) Cash Dividend CAD 0.0834 per Share (Ordinary Dividend),0.92
Dividends,Data,CAD,2/7/2022,REI.UN(CA7669101031) Cash Dividend CAD 0.08 per Share (Ordinary Dividend),2.08
Dividends,Data,CAD,2/15/2022,BEI.UN(CA0966311064) Cash Dividend CAD 0.0834 per Share (Ordinary Dividend),0.92
Dividends,Data,CAD,3/7/2022,REI.UN(CA7669101031) Cash Dividend CAD 0.085 per Share (Ordinary Dividend),2.21
Dividends,Data,CAD,3/15/2022,BEI.UN(CA0966311064) Cash Dividend CAD 0.0834 per Share (Ordinary Dividend),0.92
Dividends,Data,CAD,3/31/2022,NET.UN(CA13639A1093) Cash Dividend CAD 0.0283 per Share (Ordinary Dividend),1.98
Dividends,Data,CAD,4/7/2022,REI.UN(CA7669101031) Cash Dividend CAD 0.085 per Share (Ordinary Dividend),2.21
Dividends,Data,CAD,4/18/2022,BEI.UN(CA0966311064) Cash Dividend CAD 0.09 per Share (Ordinary Dividend),0.99
Dividends,Data,CAD,4/29/2022,NET.UN(CA13639A1093) Cash Dividend CAD 0.0283 per Share (Ordinary Dividend),1.98
Dividends,Data,CAD,5/6/2022,REI.UN(CA7669101031) Cash Dividend CAD 0.085 per Share (Ordinary Dividend),2.21
Dividends,Data,CAD,5/16/2022,BEI.UN(CA0966311064) Cash Dividend CAD 0.09 per Share (Ordinary Dividend),0.99
Dividends,Data,CAD,5/31/2022,NET.UN(CA13639A1093) Cash Dividend CAD 0.0283 per Share (Ordinary Dividend),1.98
Dividends,Data,CAD,6/7/2022,REI.UN(CA7669101031) Cash Dividend CAD 0.085 per Share (Ordinary Dividend),2.21
Dividends,Data,CAD,6/15/2022,BEI.UN(CA0966311064) Cash Dividend CAD 0.09 per Share (Ordinary Dividend),0.99
Dividends,Data,CAD,6/30/2022,NET.UN(CA13639A1093) Cash Dividend CAD 0.0283 per Share (Ordinary Dividend),1.98
Dividends,Data,CAD,7/8/2022,REI.UN(CA7669101031) Cash Dividend CAD 0.085 per Share (Ordinary Dividend),2.21
Dividends,Data,CAD,7/15/2022,BEI.UN(CA0966311064) Cash Dividend CAD 0.09 per Share (Ordinary Dividend),0.99
Dividends,Data,CAD,7/29/2022,NET.UN(CA13639A1093) Cash Dividend CAD 0.0283 per Share (Ordinary Dividend),1.98
Dividends,Data,CAD,8/8/2022,REI.UN(CA7669101031) Cash Dividend CAD 0.085 per Share (Ordinary Dividend),2.21
Dividends,Data,CAD,8/15/2022,BEI.UN(CA0966311064) Cash Dividend CAD 0.09 per Share (Ordinary Dividend),0.99
Dividends,Data,CAD,8/31/2022,NET.UN(CA13639A1093) Cash Dividend CAD 0.0283 per Share (Ordinary Dividend),1.98
Dividends,Data,CAD,9/8/2022,REI.UN(CA7669101031) Cash Dividend CAD 0.085 per Share (Ordinary Dividend),2.21
Dividends,Data,CAD,9/15/2022,BEI.UN(CA0966311064) Cash Dividend CAD 0.09 per Share (Ordinary Dividend),0.99
Dividends,Data,CAD,9/30/2022,NET.UN(CA13639A1093) Cash Dividend CAD 0.0283 per Share (Ordinary Dividend),1.98
Dividends,Data,CAD,10/7/2022,REI.UN(CA7669101031) Cash Dividend CAD 0.085 per Share (Ordinary Dividend),2.21
Dividends,Data,CAD,10/17/2022,BEI.UN(CA0966311064) Cash Dividend CAD 0.09 per Share (Ordinary Dividend),0.99
Dividends,Data,CAD,10/31/2022,NET.UN(CA13639A1093) Cash Dividend CAD 0.0283 per Share (Ordinary Dividend),1.98
Dividends,Data,CAD,11/7/2022,REI.UN(CA7669101031) Cash Dividend CAD 0.085 per Share (Ordinary Dividend),2.21
Dividends,Data,CAD,11/15/2022,BEI.UN(CA0966311064) Cash Dividend CAD 0.09 per Share (Ordinary Dividend),0.99
Dividends,Data,CAD,11/30/2022,NET.UN(CA13639A1093) Cash Dividend CAD 0.0283 per Share (Ordinary Dividend),1.98
Dividends,Data,CAD,12/7/2022,REI.UN(CA7669101031) Cash Dividend CAD 0.085 per Share (Ordinary Dividend),2.21
Dividends,Data,CAD,12/15/2022,BEI.UN(CA0966311064) Cash Dividend CAD 0.09 per Share (Ordinary Dividend),0.99
Dividends,Data,EUR,5/16/2022,LI(FR0000121964) Cash Dividend EUR 1.70 per Share (Ordinary Dividend),132.6
Dividends,Data,EUR,6/1/2022,VNA.DVD(DE000A3MQQ33) Expire Dividend Right (Return of Capital),41.5
Dividends,Data,GBP,1/7/2022,BYG(GB0002869419) Cash Dividend GBP 0.206 per Share (PropertyIncomeDividend),5.15
Dividends,Data,GBP,7/29/2022,BYG(GB0002869419) Cash Dividend GBP 0.214 per Share (PropertyIncomeDividend),5.35
Dividends,Data,USD,1/3/2022,UNIT(US91325V1089) Cash Dividend USD 0.15 per Share (Ordinary Dividend),12.75
Dividends,Data,USD,1/6/2022,VICI(US9256521090) Cash Dividend USD 0.36 per Share (Ordinary Dividend),24.12
Dividends,Data,USD,1/10/2022,MO(US02209S1033) Cash Dividend USD 0.90 per Share (Ordinary Dividend),32.4
Dividends,Data,USD,1/10/2022,SQM(US8336351056) Cash Dividend USD 1.40698 per Share (Bonus Dividend),8.44
Dividends,Data,USD,1/13/2022,MPW(US58463J3041) Cash Dividend USD 0.28 per Share (Ordinary Dividend),37.52
Dividends,Data,USD,1/14/2022,O(US7561091049) Cash Dividend USD 0.2465 per Share (Ordinary Dividend),1.97
Dividends,Data,USD,1/14/2022,SRC(US84860W3007) Cash Dividend USD 0.638 per Share (Ordinary Dividend),6.38
Dividends,Data,USD,1/14/2022,WPC(US92936U1097) Cash Dividend USD 1.055 per Share (Ordinary Dividend),7.39
Dividends,Data,USD,1/18/2022,BRX(US11120U1051) Cash Dividend USD 0.24 per Share (Ordinary Dividend),10.32
Dividends,Data,USD,1/18/2022,EPR(US26884U1097) Cash Dividend USD 0.25 per Share (Ordinary Dividend),10.25
Dividends,Data,USD,1/18/2022,STAG(US85254J1025) Cash Dividend USD 0.120833 per Share (Ordinary Dividend),2.05
Dividends,Data,USD,1/18/2022,STOR(US8621211007) Cash Dividend USD 0.385 per Share (Ordinary Dividend),33.88
Dividends,Data,USD,2/4/2022,VOD(US92857W3088) Cash Dividend USD 0.505613 per Share (Ordinary Dividend),33.38
Dividends,Data,USD,2/14/2022,WES(US9586691035) Cash Dividend USD 0.327 per Share (Limited Partnership),18.31
Dividends,Data,USD,2/15/2022,EPR(US26884U1097) Cash Dividend USD 0.25 per Share (Ordinary Dividend),14.25
Dividends,Data,USD,2/15/2022,O(US7561091049) Cash Dividend USD 0.2465 per Share (Ordinary Dividend),1.97
Dividends,Data,USD,2/15/2022,STAG(US85254J1025) Cash Dividend USD 0.121667 per Share (Ordinary Dividend),2.07
Dividends,Data,USD,2/25/2022,ACC(US0248351001) Cash Dividend USD 0.47 per Share (Ordinary Dividend),7.99
Dividends,Data,USD,3/1/2022,ENB (CA29250N1050) Cash Dividend USD 0.675993 (Ordinary Dividend),27.72
Dividends,Data,USD,3/3/2022,MAC(US5543821012) Cash Dividend USD 0.15 per Share (Ordinary Dividend),15.75
Dividends,Data,USD,3/15/2022,EPR(US26884U1097) Cash Dividend USD 0.25 per Share (Ordinary Dividend),14.25
Dividends,Data,USD,3/15/2022,O(US7561091049) Cash Dividend USD 0.2465 per Share (Ordinary Dividend),1.97
Dividends,Data,USD,3/15/2022,STAG(US85254J1025) Cash Dividend USD 0.121667 per Share (Ordinary Dividend),2.07
Dividends,Data,USD,3/15/2022,UMH(US9030021037) Cash Dividend USD 0.20 per Share (Ordinary Dividend),9.6
Dividends,Data,USD,3/17/2022,BTG(CA11777Q2099) Cash Dividend USD 0.04 per Share (Ordinary Dividend),35.84
Dividends,Data,USD,3/24/2022,KGC(CA4969024047) Cash Dividend USD 0.03 per Share (Ordinary Dividend),20.13
Dividends,Data,USD,3/29/2022,RICK(US74934Q1085) Cash Dividend USD 0.05 per Share (Ordinary Dividend),1.15
Dividends,Data,USD,3/31/2022,AGI (CA0115321089) Cash Dividend USD 0.025 (Ordinary Dividend),4.05
Dividends,Data,USD,3/31/2022,SPG(US8288061091) Cash Dividend USD 1.65 per Share (Ordinary Dividend),19.8
Dividends,Data,USD,4/7/2022,VICI(US9256521090) Cash Dividend USD 0.36 per Share (Ordinary Dividend),31.68
Dividends,Data,USD,4/14/2022,MPW(US58463J3041) Cash Dividend USD 0.29 per Share (Ordinary Dividend),38.86
Dividends,Data,USD,4/14/2022,SRC(US84860W3007) Cash Dividend USD 0.638 per Share (Ordinary Dividend),6.38
Dividends,Data,USD,4/14/2022,WPC(US92936U1097) Cash Dividend USD 1.057 per Share (Ordinary Dividend),11.63
Dividends,Data,USD,4/15/2022,FPI(US31154R1095) Cash Dividend USD 0.05 per Share (Ordinary Dividend),3
Dividends,Data,USD,4/15/2022,ONL(US68629Y1038) Cash Dividend USD 0.10 per Share (Ordinary Dividend),0.08
Dividends,Data,USD,4/18/2022,BRX(US11120U1051) Cash Dividend USD 0.24 per Share (Ordinary Dividend),10.32
Dividends,Data,USD,4/18/2022,EPR(US26884U1097) Cash Dividend USD 0.275 per Share (Ordinary Dividend),15.68
Dividends,Data,USD,4/18/2022,O(US7561091049) Cash Dividend USD 0.247 per Share (Ordinary Dividend),1.98
Dividends,Data,USD,4/18/2022,STAG(US85254J1025) Cash Dividend USD 0.121667 per Share (Ordinary Dividend),2.07
Dividends,Data,USD,4/18/2022,STOR(US8621211007) Cash Dividend USD 0.385 per Share (Ordinary Dividend),42.74
Dividends,Data,USD,4/18/2022,UNIT(US91325V1089) Cash Dividend USD 0.15 per Share (Ordinary Dividend),12.75
Dividends,Data,USD,5/13/2022,KOF(US1912411089) Cash Dividend USD 1.33846 per Share (Ordinary Dividend),6.7
Dividends,Data,USD,5/13/2022,O(US7561091049) Cash Dividend USD 0.247 per Share (Ordinary Dividend),1.98
Dividends,Data,USD,5/13/2022,WES(US9586691035) Cash Dividend USD 0.50 per Share (Limited Partnership),28
Dividends,Data,USD,5/16/2022,EPR(US26884U1097) Cash Dividend USD 0.275 per Share (Ordinary Dividend),15.68
Dividends,Data,USD,5/16/2022,STAG(US85254J1025) Cash Dividend USD 0.121667 per Share (Ordinary Dividend),2.07
Dividends,Data,USD,6/1/2022,ENB (CA29250N1050) Cash Dividend USD 0.6618732 (Ordinary Dividend),27.14
Dividends,Data,USD,6/1/2022,ENB (CA29250N1050) Cash Dividend USD 0.680002 - Reversal (Ordinary Dividend),-27.14
Dividends,Data,USD,6/1/2022,ENB (CA29250N1050) Cash Dividend USD 0.680002 (Ordinary Dividend),27.88
Dividends,Data,USD,6/3/2022,MAC(US5543821012) Cash Dividend USD 0.15 per Share (Ordinary Dividend),15.75
Dividends,Data,USD,6/15/2022,EPR(US26884U1097) Cash Dividend USD 0.275 per Share (Ordinary Dividend),15.68
Dividends,Data,USD,6/15/2022,O(US7561091049) Cash Dividend USD 0.247 per Share (Ordinary Dividend),1.98
Dividends,Data,USD,6/15/2022,STAG(US85254J1025) Cash Dividend USD 0.121667 per Share (Ordinary Dividend),2.07
Dividends,Data,USD,6/15/2022,UMH(US9030021037) Cash Dividend USD 0.20 per Share (Ordinary Dividend),9.6
Dividends,Data,USD,6/16/2022,KGC(CA4969024047) Cash Dividend USD 0.03 per Share (Ordinary Dividend),23.12
Dividends,Data,USD,6/29/2022,BTG(CA11777Q2099) Cash Dividend USD 0.04 per Share (Ordinary Dividend),23.83
Dividends,Data,USD,6/29/2022,RICK(US74934Q1085) Cash Dividend USD 0.05 per Share (Ordinary Dividend),1.75
Dividends,Data,USD,6/30/2022,AGI(CA0115321089) Cash Dividend USD 0.025 per Share (Ordinary Dividend),4.05
Dividends,Data,USD,6/30/2022,OUT(US69007J1060) Cash Dividend USD 0.30 per Share (Ordinary Dividend),19.2
Dividends,Data,USD,6/30/2022,SPG(US8288061091) Cash Dividend USD 1.70 per Share (Ordinary Dividend),20.4
Dividends,Data,USD,7/1/2022,UNIT(US91325V1089) Cash Dividend USD 0.15 per Share (Ordinary Dividend),12.75
Dividends,Data,USD,7/7/2022,VICI(US9256521090) Cash Dividend USD 0.36 per Share (Ordinary Dividend),31.68
Dividends,Data,USD,7/14/2022,MPW(US58463J3041) Cash Dividend USD 0.29 per Share (Ordinary Dividend),69.6
Dividends,Data,USD,7/15/2022,BRX(US11120U1051) Cash Dividend USD 0.24 per Share (Ordinary Dividend),10.32
Dividends,Data,USD,7/15/2022,EPR(US26884U1097) Cash Dividend USD 0.275 per Share (Ordinary Dividend),15.68
Dividends,Data,USD,7/15/2022,FPI(US31154R1095) Cash Dividend USD 0.06 per Share (Ordinary Dividend),3.6
Dividends,Data,USD,7/15/2022,O(US7561091049) Cash Dividend USD 0.2475 per Share (Ordinary Dividend),1.98
Dividends,Data,USD,7/15/2022,ONL(US68629Y1038) Cash Dividend USD 0.10 per Share (Ordinary Dividend),0.08
Dividends,Data,USD,7/15/2022,SRC(US84860W3007) Cash Dividend USD 0.638 per Share (Ordinary Dividend),6.38
Dividends,Data,USD,7/15/2022,STAG(US85254J1025) Cash Dividend USD 0.121667 per Share (Ordinary Dividend),2.68
Dividends,Data,USD,7/15/2022,STOR(US8621211007) Cash Dividend USD 0.385 per Share (Ordinary Dividend),45.82
Dividends,Data,USD,8/5/2022,VOD(US92857W3088) Cash Dividend USD 0.4574057 per Share (Ordinary Dividend),30.19
Dividends,Data,USD,8/12/2022,WES(US9586691035) Cash Dividend USD 0.50 per Share (Limited Partnership),28
Dividends,Data,USD,8/15/2022,EPR(US26884U1097) Cash Dividend USD 0.275 per Share (Ordinary Dividend),15.68
Dividends,Data,USD,8/15/2022,O(US7561091049) Cash Dividend USD 0.2475 per Share (Ordinary Dividend),1.98
Dividends,Data,USD,8/15/2022,STAG(US85254J1025) Cash Dividend USD 0.121667 per Share (Ordinary Dividend),2.68
Dividends,Data,USD,9/1/2022,ENB (CA29250N1050) Cash Dividend USD 0.653197 (Ordinary Dividend),26.77
Dividends,Data,USD,9/1/2022,KGC(CA4969024047) Cash Dividend USD 0.03 per Share (Ordinary Dividend),39.18
Dividends,Data,USD,9/8/2022,MAC(US5543821012) Cash Dividend USD 0.15 per Share (Ordinary Dividend),17.25
Dividends,Data,USD,9/15/2022,EPR(US26884U1097) Cash Dividend USD 0.275 per Share (Ordinary Dividend),15.68
Dividends,Data,USD,9/15/2022,STAG(US85254J1025) Cash Dividend USD 0.121667 per Share (Ordinary Dividend),2.68
Dividends,Data,USD,9/15/2022,UMH(US9030021037) Cash Dividend USD 0.20 per Share (Ordinary Dividend),9.6
Dividends,Data,USD,9/23/2022,UNIT(US91325V1089) Cash Dividend USD 0.15 per Share (Ordinary Dividend),12.75
Dividends,Data,USD,9/27/2022,RICK(US74934Q1085) Cash Dividend USD 0.05 per Share (Ordinary Dividend),1.75
Dividends,Data,USD,9/29/2022,AGI (CA0115321089) Cash Dividend USD 0.025 (Ordinary Dividend),4.05
Dividends,Data,USD,9/29/2022,BTG(CA11777Q2099) Cash Dividend USD 0.04 per Share (Ordinary Dividend),32.24
Dividends,Data,USD,9/30/2022,OUT(US69007J1060) Cash Dividend USD 0.30 per Share (Ordinary Dividend),23.1
Dividends,Data,USD,9/30/2022,SPG(US8288061091) Cash Dividend USD 1.75 per Share (Ordinary Dividend),22.75
Dividends,Data,USD,10/6/2022,VICI(US9256521090) Cash Dividend USD 0.39 per Share (Ordinary Dividend),34.32
Dividends,Data,USD,10/13/2022,MPW(US58463J3041) Cash Dividend USD 0.29 per Share (Ordinary Dividend),75.69
Dividends,Data,USD,10/17/2022,BRX(US11120U1051) Cash Dividend USD 0.24 per Share (Ordinary Dividend),10.32
Dividends,Data,USD,10/17/2022,EPR(US26884U1097) Cash Dividend USD 0.275 per Share (Ordinary Dividend),15.68
Dividends,Data,USD,10/17/2022,FPI(US31154R1095) Cash Dividend USD 0.06 per Share (Ordinary Dividend),3.6
Dividends,Data,USD,10/17/2022,STAG(US85254J1025) Cash Dividend USD 0.121667 per Share (Ordinary Dividend),2.68
Dividends,Data,USD,10/17/2022,STOR(US8621211007) Cash Dividend USD 0.41 per Share (Ordinary Dividend),48.79
Dividends,Data,USD,11/14/2022,WES(US9586691035) Cash Dividend USD 0.50 per Share (Limited Partnership),28
Dividends,Data,USD,11/15/2022,EPR(US26884U1097) Cash Dividend USD 0.275 per Share (Ordinary Dividend),15.68
Dividends,Data,USD,11/15/2022,STAG(US85254J1025) Cash Dividend USD 0.121667 per Share (Ordinary Dividend),2.68
Dividends,Data,USD,12/1/2022,ENB (CA29250N1050) Cash Dividend USD 0.638498 (Ordinary Dividend),21.07
Dividends,Data,USD,12/2/2022,MAC(US5543821012) Cash Dividend USD 0.17 per Share (Ordinary Dividend),19.55
Dividends,Data,USD,12/15/2022,EPR(US26884U1097) Cash Dividend USD 0.275 per Share (Ordinary Dividend),15.68
Dividends,Data,USD,12/15/2022,KGC(CA4969024047) Cash Dividend USD 0.03 per Share (Ordinary Dividend),39.18
Dividends,Data,USD,12/15/2022,STAG(US85254J1025) Cash Dividend USD 0.121667 per Share (Ordinary Dividend),2.68
Dividends,Data,USD,12/15/2022,UMH(US9030021037) Cash Dividend USD 0.20 per Share (Ordinary Dividend),9.6
Dividends,Data,USD,12/16/2022,BTG(CA11777Q2099) Cash Dividend USD 0.04 per Share (Ordinary Dividend),40.23
Dividends,Data,USD,12/29/2022,RICK(US74934Q1085) Cash Dividend USD 0.05 per Share (Ordinary Dividend),1.75
Dividends,Data,USD,12/30/2022,OUT(US69007J1060) Cash Dividend USD 0.30 per Share (Ordinary Dividend),23.1
Dividends,Data,USD,12/30/2022,SPG(US8288061091) Cash Dividend USD 1.80 per Share (Ordinary Dividend),23.4
Dividends,Data,USD,12/30/2022,UNIT(US91325V1089) Cash Dividend USD 0.15 per Share (Ordinary Dividend),12.75
Dividends,Data,CAD,12/30/2022,NET.UN(CA13639A1093) Cash Dividend CAD 0.0283 per Share (Ordinary Dividend),1.98
Dividends,Data,CAD,1/9/2023,REI.UN(CA7669101031) Cash Dividend CAD 0.085 per Share (Ordinary Dividend),2.21
Dividends,Data,CAD,1/16/2023,BEI.UN(CA0966311064) Cash Dividend CAD 0.09 per Share (Ordinary Dividend),0.99
Dividends,Data,CAD,1/31/2023,NET.UN(CA13639A1093) Cash Dividend CAD 0.02875 per Share (Ordinary Dividend),2.01
Dividends,Data,CAD,2/7/2023,REI.UN(CA7669101031) Cash Dividend CAD 0.085 per Share (Ordinary Dividend),2.21
Dividends,Data,CAD,2/15/2023,BEI.UN(CA0966311064) Cash Dividend CAD 0.09 per Share (Ordinary Dividend),0.99
Dividends,Data,CAD,2/28/2023,NET.UN(CA13639A1093) Cash Dividend CAD 0.02875 per Share (Ordinary Dividend),2.01
Dividends,Data,CAD,3/7/2023,REI.UN(CA7669101031) Cash Dividend CAD 0.09 per Share (Ordinary Dividend),2.34
Dividends,Data,CAD,3/31/2023,NET.UN(CA13639A1093) Cash Dividend CAD 0.02875 per Share (Ordinary Dividend),2.01
Dividends,Data,CAD,4/10/2023,REI.UN(CA7669101031) Cash Dividend CAD 0.09 per Share (Ordinary Dividend),2.34
Dividends,Data,CAD,4/28/2023,NET.UN(CA13639A1093) Cash Dividend CAD 0.02875 per Share (Ordinary Dividend),2.01
Dividends,Data,CAD,5/5/2023,REI.UN(CA7669101031) Cash Dividend CAD 0.09 per Share (Ordinary Dividend),2.34
Dividends,Data,CAD,5/31/2023,NET.UN(CA13639A1093) Cash Dividend CAD 0.02875 per Share (Ordinary Dividend),2.01
Dividends,Data,CAD,6/7/2023,REI.UN(CA7669101031) Cash Dividend CAD 0.09 per Share (Ordinary Dividend),2.34
Dividends,Data,CAD,6/30/2023,NET.UN(CA13639A1093) Cash Dividend CAD 0.02875 per Share (Ordinary Dividend),2.01
Dividends,Data,CAD,7/10/2023,REI.UN(CA7669101031) Cash Dividend CAD 0.09 per Share (Ordinary Dividend),2.34
Dividends,Data,CAD,7/31/2023,NET.UN(CA13639A1093) Cash Dividend CAD 0.02875 per Share (Ordinary Dividend),2.01
Dividends,Data,CAD,8/8/2023,REI.UN(CA7669101031) Cash Dividend CAD 0.09 per Share (Ordinary Dividend),2.34
Dividends,Data,CAD,8/31/2023,NET.UN(CA13639A1093) Cash Dividend CAD 0.02875 per Share (Ordinary Dividend),2.01
Dividends,Data,CAD,9/8/2023,REI.UN(CA7669101031) Cash Dividend CAD 0.09 per Share (Ordinary Dividend),2.34
Dividends,Data,CAD,9/29/2023,NET.UN(CA13639A1093) Cash Dividend CAD 0.02875 per Share (Ordinary Dividend),2.01
Dividends,Data,CAD,10/6/2023,REI.UN(CA7669101031) Cash Dividend CAD 0.09 per Share (Ordinary Dividend),2.34
Dividends,Data,CAD,10/31/2023,NET.UN(CA13639A1093) Cash Dividend CAD 0.02875 per Share (Ordinary Dividend),2.01
Dividends,Data,CAD,11/7/2023,REI.UN(CA7669101031) Cash Dividend CAD 0.09 per Share (Ordinary Dividend),2.34
Dividends,Data,CAD,11/30/2023,NET.UN(CA13639A1093) Cash Dividend CAD 0.02875 per Share (Ordinary Dividend),2.01
Dividends,Data,CAD,12/7/2023,REI.UN(CA7669101031) Cash Dividend CAD 0.09 per Share (Ordinary Dividend),2.34
Dividends,Data,EUR,3/30/2023,LI(FR0000121964) Cash Dividend EUR 0.87 per Share (Ordinary Dividend),67.86
Dividends,Data,EUR,5/2/2023,DIC.DIV(DE000A32VP08) Expire Dividend Right (Ordinary Dividend),125.81
Dividends,Data,EUR,5/2/2023,DIC(133475000) Cash Dividend EUR 0.21 per Share (Ordinary Dividend),48.93
Dividends,Data,EUR,6/19/2023,VNA.DIV(DE000A2GSYQ9) Payment in Lieu of Dividend (Exempt From Withholding),174.25
Dividends,Data,EUR,6/19/2023,VNA.DIV(DE000A2GSYQ9) Expire Dividend Right (Exempt From Withholding),6.8
Dividends,Data,EUR,7/11/2023,LI(FR0000121964) Cash Dividend EUR 0.8439 per Share (Ordinary Dividend),65.82
Dividends,Data,EUR,7/11/2023,LI(FR0000121964) Cash Dividend EUR 0.0362 per Share (Return of Capital),2.83
Dividends,Data,GBP,1/26/2023,BYG(GB0002869419) Cash Dividend GBP 0.223 per Share (PropertyIncomeDividend),5.57
Dividends,Data,GBP,7/28/2023,BYG(GB0002869419) Cash Dividend GBP 0.229 per Share (Ordinary Dividend),5.73
Dividends,Data,USD,1/5/2023,VICI(US9256521090) Cash Dividend USD 0.39 per Share (Ordinary Dividend),34.32
Dividends,Data,USD,1/9/2023,GMRE(US37954A2042) Cash Dividend USD 0.21 per Share (Ordinary Dividend),42
Dividends,Data,USD,1/12/2023,MPW(US58463J3041) Cash Dividend USD 0.29 per Share (Ordinary Dividend),75.69
Dividends,Data,USD,1/17/2023,BRX(US11120U1051) Cash Dividend USD 0.26 per Share (Ordinary Dividend),11.18
Dividends,Data,USD,1/17/2023,EPR(US26884U1097) Cash Dividend USD 0.275 per Share (Ordinary Dividend),15.68
Dividends,Data,USD,1/17/2023,FPI(US31154R1095) Cash Dividend USD 0.06 per Share (Ordinary Dividend),3.6
Dividends,Data,USD,1/17/2023,STAG(US85254J1025) Cash Dividend USD 0.121667 per Share (Ordinary Dividend),2.68
Dividends,Data,USD,2/3/2023,VOD(US92857W3088) Cash Dividend USD 0.4890375 per Share (Ordinary Dividend),32.22
Dividends,Data,USD,2/3/2023,VOD(US92857W3088) Cash Dividend USD 0.4890375 per Share - Reversal (Ordinary Dividend),-32.22
Dividends,Data,USD,2/3/2023,VOD(US92857W3088) Cash Dividend USD 0.4890375 per Share (Ordinary Dividend),32.24
Dividends,Data,USD,2/15/2023,EPR(US26884U1097) Cash Dividend USD 0.275 per Share (Ordinary Dividend),15.68
Dividends,Data,USD,2/15/2023,STAG(US85254J1025) Cash Dividend USD 0.1225 per Share (Ordinary Dividend),2.7
Dividends,Data,USD,3/3/2023,MAC(US5543821012) Cash Dividend USD 0.17 per Share (Ordinary Dividend),19.55
Dividends,Data,USD,3/15/2023,AEM (CA0084741085) Cash Dividend USD 0.40 (Ordinary Dividend),10.4
Dividends,Data,USD,3/15/2023,EPR(US26884U1097) Cash Dividend USD 0.275 per Share (Ordinary Dividend),15.68
Dividends,Data,USD,3/15/2023,STAG(US85254J1025) Cash Dividend USD 0.1225 per Share (Ordinary Dividend),2.7
Dividends,Data,USD,3/15/2023,UMH(US9030021037) Cash Dividend USD 0.205 per Share (Ordinary Dividend),9.84
Dividends,Data,USD,3/17/2023,BTG(CA11777Q2099) Cash Dividend USD 0.04 per Share (Ordinary Dividend),52.32
Dividends,Data,USD,3/23/2023,KGC(CA4969024047) Cash Dividend USD 0.03 per Share (Ordinary Dividend),49.05
Dividends,Data,USD,3/29/2023,RICK(US74934Q1085) Cash Dividend USD 0.06 per Share (Ordinary Dividend),2.1
Dividends,Data,USD,3/31/2023,OUT(US69007J1060) Cash Dividend USD 0.30 per Share (Ordinary Dividend),23.1
Dividends,Data,USD,3/31/2023,SPG(US8288061091) Cash Dividend USD 1.80 per Share (Ordinary Dividend),23.4
Dividends,Data,USD,4/6/2023,VICI(US9256521090) Cash Dividend USD 0.39 per Share (Ordinary Dividend),34.32
Dividends,Data,USD,4/11/2023,GMRE(US37954A2042) Cash Dividend USD 0.21 per Share (Ordinary Dividend),42
Dividends,Data,USD,4/13/2023,MPW(US58463J3041) Cash Dividend USD 0.29 per Share (Ordinary Dividend),88.74
Dividends,Data,USD,4/14/2023,UNIT(US91325V1089) Cash Dividend USD 0.15 per Share (Ordinary Dividend),28.8
Dividends,Data,USD,4/17/2023,BRX(US11120U1051) Cash Dividend USD 0.26 per Share (Ordinary Dividend),11.18
Dividends,Data,USD,4/17/2023,EPR(US26884U1097) Cash Dividend USD 0.275 per Share (Ordinary Dividend),17.05
Dividends,Data,USD,4/17/2023,FPI(US31154R1095) Cash Dividend USD 0.06 per Share (Ordinary Dividend),3.6
Dividends,Data,USD,4/17/2023,STAG(US85254J1025) Cash Dividend USD 0.1225 per Share (Ordinary Dividend),2.7
Dividends,Data,USD,5/15/2023,EPR(US26884U1097) Cash Dividend USD 0.275 per Share (Ordinary Dividend),17.05
Dividends,Data,USD,5/15/2023,STAG(US85254J1025) Cash Dividend USD 0.1225 per Share (Ordinary Dividend),3.07
Dividends,Data,USD,6/2/2023,MAC(US5543821012) Cash Dividend USD 0.17 per Share (Ordinary Dividend),19.55
Dividends,Data,USD,6/15/2023,EPR(US26884U1097) Cash Dividend USD 0.275 per Share (Ordinary Dividend),14.85
Dividends,Data,USD,6/15/2023,EPR(US26884U1097) Payment in Lieu of Dividend (Ordinary Dividend),2.2
Dividends,Data,USD,6/15/2023,KGC(CA4969024047) Cash Dividend USD 0.03 per Share (Ordinary Dividend),22.65
Dividends,Data,USD,6/15/2023,STAG(US85254J1025) Payment in Lieu of Dividend (Ordinary Dividend),3.67
Dividends,Data,USD,6/15/2023,STAG(US85254J1025) Cash Dividend USD 0.1225 per Share (Ordinary Dividend),0.11
Dividends,Data,USD,6/15/2023,UMH(US9030021037) Payment in Lieu of Dividend (Ordinary Dividend),12.92
Dividends,Data,USD,6/15/2023,UMH(US9030021037) Cash Dividend USD 0.205 per Share (Ordinary Dividend),4.72
Dividends,Data,USD,6/27/2023,BTG(CA11777Q2099) Cash Dividend USD 0.04 per Share (Ordinary Dividend),52.32
Dividends,Data,USD,6/28/2023,RICK(US74934Q1085) Cash Dividend USD 0.06 per Share (Ordinary Dividend),3.06
Dividends,Data,USD,6/30/2023,OUT(US69007J1060) Payment in Lieu of Dividend (Ordinary Dividend),12
Dividends,Data,USD,6/30/2023,OUT(US69007J1060) Cash Dividend USD 0.30 per Share (Ordinary Dividend),11.1
Dividends,Data,USD,6/30/2023,SPG(US8288061091) Cash Dividend USD 1.85 per Share (Ordinary Dividend),24.05
Dividends,Data,USD,6/30/2023,UNIT(US91325V1089) Payment in Lieu of Dividend (Ordinary Dividend),19.5
Dividends,Data,USD,6/30/2023,UNIT(US91325V1089) Cash Dividend USD 0.15 per Share (Ordinary Dividend),9.3
Dividends,Data,USD,7/6/2023,VICI(US9256521090) Cash Dividend USD 0.39 per Share (Ordinary Dividend),34.32
Dividends,Data,USD,7/11/2023,GMRE(US37954A2042) Cash Dividend USD 0.21 per Share (Ordinary Dividend),42
Dividends,Data,USD,7/13/2023,MPW(US58463J3041) Cash Dividend USD 0.29 per Share (Ordinary Dividend),35.67
Dividends,Data,USD,7/13/2023,MPW(US58463J3041) Payment in Lieu of Dividend (Ordinary Dividend),53.07
Dividends,Data,USD,7/14/2023,ARE(US0152711091) Cash Dividend USD 1.24 per Share (Ordinary Dividend),31
Dividends,Data,USD,7/17/2023,BRX(US11120U1051) Cash Dividend USD 0.26 per Share (Ordinary Dividend),6.76
Dividends,Data,USD,7/17/2023,BRX(US11120U1051) Payment in Lieu of Dividend (Ordinary Dividend),4.42
Dividends,Data,USD,7/17/2023,EPR(US26884U1097) Cash Dividend USD 0.275 per Share (Ordinary Dividend),17.05
Dividends,Data,USD,7/17/2023,STAG(US85254J1025) Cash Dividend USD 0.1225 per Share (Ordinary Dividend),4.48
Dividends,Data,USD,8/4/2023,VOD(US92857W3088) Cash Dividend USD 0.4969395 per Share (Ordinary Dividend),32.8
Dividends,Data,USD,8/15/2023,EPR(US26884U1097) Cash Dividend USD 0.275 per Share (Ordinary Dividend),17.05
Dividends,Data,USD,8/15/2023,STAG(US85254J1025) Cash Dividend USD 0.1225 per Share (Ordinary Dividend),4.49
Dividends,Data,USD,9/8/2023,KGC(CA4969024047) Cash Dividend USD 0.03 per Share (Ordinary Dividend),22.65
Dividends,Data,USD,9/8/2023,MAC(US5543821012) Cash Dividend USD 0.17 per Share (Ordinary Dividend),19.55
Dividends,Data,USD,9/14/2023,ADC(US0084921008) Cash Dividend USD 0.243 per Share (Ordinary Dividend),6.08
Dividends,Data,USD,9/15/2023,EPR(US26884U1097) Cash Dividend USD 0.275 per Share (Ordinary Dividend),17.05
Dividends,Data,USD,9/15/2023,STAG(US85254J1025) Cash Dividend USD 0.1225 per Share (Ordinary Dividend),4.49
Dividends,Data,USD,9/22/2023,UNIT(US91325V1089) Payment in Lieu of Dividend (Ordinary Dividend),28.8
Dividends,Data,USD,9/29/2023,BTG (CA11777Q2099) Cash Dividend USD 0.04 (Ordinary Dividend),64.32
Dividends,Data,USD,9/29/2023,CCI(US22822V1017) Cash Dividend USD 1.565 per Share (Ordinary Dividend),28.17
Dividends,Data,USD,9/29/2023,OUT(US69007J1060) Cash Dividend USD 0.30 per Share (Ordinary Dividend),3.9
Dividends,Data,USD,9/29/2023,OUT(US69007J1060) Payment in Lieu of Dividend (Ordinary Dividend),19.2
Dividends,Data,USD,9/29/2023,RICK(US74934Q1085) Cash Dividend USD 0.06 per Share (Ordinary Dividend),3.06
Dividends,Data,USD,9/29/2023,SPG(US8288061091) Cash Dividend USD 1.90 per Share (Ordinary Dividend),24.7
Dividends,Data,USD,10/5/2023,VICI(US9256521090) Cash Dividend USD 0.415 per Share (Ordinary Dividend),36.52
Dividends,Data,USD,10/10/2023,GMRE(US37954A2042) Cash Dividend USD 0.21 per Share (Ordinary Dividend),42
Dividends,Data,USD,10/12/2023,MPW(US58463J3041) Payment in Lieu of Dividend (Ordinary Dividend),45.9
Dividends,Data,USD,10/13/2023,ADC(US0084921008) Cash Dividend USD 0.243 per Share (Ordinary Dividend),7.78
Dividends,Data,USD,10/13/2023,ARE(US0152711091) Cash Dividend USD 1.24 per Share (Ordinary Dividend),34.72
Dividends,Data,USD,10/13/2023,SAFE(US78646V1070) Cash Dividend USD 0.177 per Share (Ordinary Dividend),0.18
Dividends,Data,USD,10/13/2023,SAFE(US78646V1070) Payment in Lieu of Dividend (Ordinary Dividend),24.6
Dividends,Data,USD,10/16/2023,EPR(US26884U1097) Cash Dividend USD 0.275 per Share (Ordinary Dividend),17.05
Dividends,Data,USD,10/16/2023,STAG(US85254J1025) Cash Dividend USD 0.1225 per Share (Ordinary Dividend),4.49
Dividends,Data,USD,11/14/2023,ADC(US0084921008) Cash Dividend USD 0.247 per Share (Ordinary Dividend),16.55
Dividends,Data,USD,11/15/2023,EPR(US26884U1097) Cash Dividend USD 0.275 per Share (Ordinary Dividend),17.05
Dividends,Data,USD,11/15/2023,STAG(US85254J1025) Cash Dividend USD 0.1225 per Share (Ordinary Dividend),4.49
Dividends,Data,USD,12/1/2023,MAC(US5543821012) Cash Dividend USD 0.17 per Share (Ordinary Dividend),19.55
Dividends,Data,USD,12/14/2023,ADC(US0084921008) Cash Dividend USD 0.247 per Share (Ordinary Dividend),16.55
Dividends,Data,USD,12/14/2023,KGC(CA4969024047) Cash Dividend USD 0.03 per Share (Ordinary Dividend),22.65
Dividends,Data,USD,12/15/2023,AEM (CA0084741085) Cash Dividend USD 0.40 (Ordinary Dividend),40
Dividends,Data,USD,12/15/2023,EPR(US26884U1097) Cash Dividend USD 0.275 per Share (Ordinary Dividend),17.05
Dividends,Data,USD,12/15/2023,STAG(US85254J1025) Cash Dividend USD 0.1225 per Share (Ordinary Dividend),4.49
Dividends,Data,USD,12/18/2023,BTG(CA11777Q2099) Cash Dividend USD 0.04 per Share (Ordinary Dividend),68.32
Dividends,Data,USD,12/29/2023,CCI(US22822V1017) Cash Dividend USD 1.565 per Share (Ordinary Dividend),31.3
Dividends,Data,USD,12/29/2023,OUT(US69007J1060) Payment in Lieu of Dividend (Ordinary Dividend),3
Dividends,Data,USD,12/29/2023,OUT(US69007J1060) Cash Dividend USD 0.30 per Share (Ordinary Dividend),20.1
Dividends,Data,USD,12/29/2023,RICK(US74934Q1085) Cash Dividend USD 0.06 per Share (Ordinary Dividend),3.06
Dividends,Data,USD,12/29/2023,SPG(US8288061091) Cash Dividend USD 1.90 per Share (Ordinary Dividend),24.7
Dividends,Data,CAD,12/29/2023,NET.UN(CA13639A1093) Cash Dividend CAD 0.02875 per Share (Ordinary Dividend),2.01
Dividends,Data,CAD,1/8/2024,REI.UN(CA7669101031) Cash Dividend CAD 0.09 per Share (Ordinary Dividend),2.34
Dividends,Data,CAD,1/31/2024,NET.UN(CA13639A1093) Cash Dividend CAD 0.02875 per Share (Ordinary Dividend),2.01
Dividends,Data,CAD,2/7/2024,REI.UN(CA7669101031) Cash Dividend CAD 0.09 per Share (Ordinary Dividend),2.34
Dividends,Data,CAD,2/29/2024,NET.UN(CA13639A1093) Cash Dividend CAD 0.02875 per Share (Ordinary Dividend),2.01
Dividends,Data,CAD,3/7/2024,REI.UN(CA7669101031) Cash Dividend CAD 0.0925 per Share (Ordinary Dividend),2.41
Dividends,Data,CAD,3/29/2024,NET.UN(CA13639A1093) Cash Dividend CAD 0.02875 per Share (Ordinary Dividend),2.01
Dividends,Data,CAD,4/5/2024,REI.UN(CA7669101031) Cash Dividend CAD 0.0925 per Share (Ordinary Dividend),2.41
Dividends,Data,CAD,4/30/2024,NET.UN(CA13639A1093) Cash Dividend CAD 0.02875 per Share (Ordinary Dividend),2.01
Dividends,Data,CAD,5/7/2024,REI.UN(CA7669101031) Cash Dividend CAD 0.0925 per Share (Ordinary Dividend),2.41
Dividends,Data,CAD,5/31/2024,NET.UN(CA13639A1093) Cash Dividend CAD 0.02875 per Share (Ordinary Dividend),2.01
Dividends,Data,CAD,6/7/2024,REI.UN(CA7669101031) Cash Dividend CAD 0.0925 per Share (Ordinary Dividend),2.41
Dividends,Data,EUR,3/26/2024,LI(FR0000121964) Cash Dividend EUR 0.90 per Share (Ordinary Dividend),70.2
Dividends,Data,EUR,6/4/2024,VNA.DVRTS(DE000A3EX3N6) Expire Dividend Right (Exempt From Withholding),191.7
Dividends,Data,GBP,1/26/2024,BYG(GB0002869419) Cash Dividend GBP 0.226 per Share (PropertyIncomeDividend),5.65
Dividends,Data,USD,1/4/2024,UNIT(US91325V1089) Cash Dividend USD 0.15 per Share (Ordinary Dividend),28.8
Dividends,Data,USD,1/4/2024,VICI(US9256521090) Cash Dividend USD 0.415 per Share (Ordinary Dividend),36.52
Dividends,Data,USD,1/9/2024,GMRE(US37954A2042) Cash Dividend USD 0.21 per Share (Ordinary Dividend),42
Dividends,Data,USD,1/11/2024,MPW(US58463J3041) Payment in Lieu of Dividend (Ordinary Dividend),45.9
Dividends,Data,USD,1/12/2024,ARE(US0152711091) Cash Dividend USD 1.27 per Share (Ordinary Dividend),35.56
Dividends,Data,USD,1/12/2024,NLCP(US6514951036) Cash Dividend USD 0.40 per Share (Ordinary Dividend),40
Dividends,Data,USD,1/16/2024,ADC(US0084921008) Cash Dividend USD 0.247 per Share (Ordinary Dividend),16.55
Dividends,Data,USD,1/16/2024,EPR(US26884U1097) Cash Dividend USD 0.275 per Share (Ordinary Dividend),17.05
Dividends,Data,USD,1/16/2024,SAFE(US78646V1070) Payment in Lieu of Dividend (Ordinary Dividend),24.6
Dividends,Data,USD,1/16/2024,SAFE(US78646V1070) Cash Dividend USD 0.177 per Share (Ordinary Dividend),0.18
Dividends,Data,USD,1/16/2024,STAG(US85254J1025) Cash Dividend USD 0.1225 per Share (Ordinary Dividend),4.49
Dividends,Data,USD,2/2/2024,VOD(US92857W3088) Cash Dividend USD 0.488812 per Share (Ordinary Dividend),32.27
Dividends,Data,USD,2/14/2024,ADC(US0084921008) Cash Dividend USD 0.247 per Share (Ordinary Dividend),11.61
Dividends,Data,USD,2/14/2024,ADC(US0084921008) Payment in Lieu of Dividend (Ordinary Dividend),4.94
Dividends,Data,USD,2/15/2024,EPR(US26884U1097) Cash Dividend USD 0.275 per Share (Ordinary Dividend),17.05
Dividends,Data,USD,2/15/2024,STAG(US85254J1025) Cash Dividend USD 0.123333 per Share (Ordinary Dividend),4.52
Dividends,Data,USD,3/4/2024,MAC(US5543821012) Cash Dividend USD 0.17 per Share (Ordinary Dividend),19.55
Dividends,Data,USD,3/14/2024,ADC(US0084921008) Payment in Lieu of Dividend (Ordinary Dividend),1.73
Dividends,Data,USD,3/14/2024,ADC(US0084921008) Cash Dividend USD 0.247 per Share (Ordinary Dividend),14.82
Dividends,Data,USD,3/15/2024,AEM (CA0084741085) Cash Dividend USD 0.40 (Ordinary Dividend),40
Dividends,Data,USD,3/15/2024,EPR(US26884U1097) Cash Dividend USD 0.275 per Share (Ordinary Dividend),17.05
Dividends,Data,USD,3/15/2024,STAG(US85254J1025) Cash Dividend USD 0.123333 per Share (Ordinary Dividend),2.79
Dividends,Data,USD,3/15/2024,STAG(US85254J1025) Payment in Lieu of Dividend (Ordinary Dividend),1.73
Dividends,Data,USD,3/20/2024,BTG (CA11777Q2099) Cash Dividend USD 0.04 (Ordinary Dividend),108.32
Dividends,Data,USD,3/28/2024,CCI(US22822V1017) Cash Dividend USD 1.565 per Share (Ordinary Dividend),31.3
Dividends,Data,USD,3/28/2024,NEM(US6516391066) Cash Dividend USD 0.25 per Share (Ordinary Dividend),25
Dividends,Data,USD,3/28/2024,OUT(US69007J1060) Payment in Lieu of Dividend (Ordinary Dividend),2.4
Dividends,Data,USD,3/28/2024,OUT(US69007J1060) Cash Dividend USD 0.30 per Share (Ordinary Dividend),20.7
Dividends,Data,USD,4/1/2024,RICK(US74934Q1085) Cash Dividend USD 0.06 per Share (Ordinary Dividend),3.06
Dividends,Data,USD,4/4/2024,VICI(US9256521090) Cash Dividend USD 0.415 per Share (Ordinary Dividend),36.52
Dividends,Data,USD,4/9/2024,GMRE(US37954A2042) Cash Dividend USD 0.21 per Share (Ordinary Dividend),42
Dividends,Data,USD,4/12/2024,ADC(US0084921008) Payment in Lieu of Dividend (Ordinary Dividend),2.72
Dividends,Data,USD,4/12/2024,ADC(US0084921008) Cash Dividend USD 0.247 per Share (Ordinary Dividend),13.83
Dividends,Data,USD,4/12/2024,UNIT(US91325V1089) Payment in Lieu of Dividend (Ordinary Dividend),28.8
Dividends,Data,USD,4/15/2024,ARE(US0152711091) Cash Dividend USD 1.27 per Share (Ordinary Dividend),35.56
Dividends,Data,USD,4/15/2024,EPR(US26884U1097) Cash Dividend USD 0.285 per Share (Ordinary Dividend),17.67
Dividends,Data,USD,4/15/2024,NLCP(US6514951036) Cash Dividend USD 0.41 per Share (Ordinary Dividend),41
Dividends,Data,USD,4/15/2024,SAFE(US78646V1070) Cash Dividend USD 0.177 per Share (Ordinary Dividend),0.18
Dividends,Data,USD,4/15/2024,SAFE(US78646V1070) Payment in Lieu of Dividend (Ordinary Dividend),24.6
Dividends,Data,USD,4/15/2024,STAG(US85254J1025) Cash Dividend USD 0.123333 per Share (Ordinary Dividend),4.52
Dividends,Data,USD,5/1/2024,MPW(US58463J3041) Payment in Lieu of Dividend (Ordinary Dividend),45.9
Dividends,Data,USD,5/14/2024,ADC(US0084921008) Cash Dividend USD 0.25 per Share (Ordinary Dividend),16.75
Dividends,Data,USD,5/15/2024,EPR(US26884U1097) Cash Dividend USD 0.285 per Share (Ordinary Dividend),17.67
Dividends,Data,USD,5/15/2024,STAG(US85254J1025) Cash Dividend USD 0.123333 per Share (Ordinary Dividend),4.52
Dividends,Data,USD,6/3/2024,MAC(US5543821012) Cash Dividend USD 0.17 per Share (Ordinary Dividend),19.55
Dividends,Data,USD,6/14/2024,ADC(US0084921008) Cash Dividend USD 0.25 per Share (Ordinary Dividend),16.75
Dividends,Data,USD,6/17/2024,EPR(US26884U1097) Cash Dividend USD 0.285 per Share (Ordinary Dividend),17.67
Dividends,Data,USD,6/17/2024,STAG(US85254J1025) Cash Dividend USD 0.123333 per Share (Ordinary Dividend),4.52
Dividends,Data,USD,6/24/2024,BTG (CA11777Q2099) Cash Dividend USD 0.04 (Ordinary Dividend),108.32
Dividends,Data,USD,6/28/2024,CCI(US22822V1017) Cash Dividend USD 1.565 per Share (Ordinary Dividend),31.3
Dividends,Data,USD,6/28/2024,OUT(US69007J1060) Cash Dividend USD 0.30 per Share (Ordinary Dividend),23.1
Dividends,Data,USD,6/28/2024,RICK(US74934Q1085) Cash Dividend USD 0.06 per Share (Ordinary Dividend),3.06
Dividends,Data,USD,6/28/2024,UNIT(US91325V1089) Cash Dividend USD 0.15 per Share (Ordinary Dividend),28.8
